[
	{
		"pk": 1,
		"full_name":  "Jane Snake",
		"skills": ["Python", "Go", "Linux"],
		"learns": ["JavaScript", "CSS"]
	},
	{
		"pk": 2,
		"full_name":  "Sheri Torres",
		"skills": ["Java", "Swify", "Fortran", "Basic"],
		"learns": ["C#", "Swift"]
	},
	{
		"pk": 3,
		"full_name":  "Burt Stein",
		"skills": ["Planning", "Negotiation", "Management", "Sales"],
		"learns": ["GTD", "ISO"]
	},
	{
		"pk": 4,
		"full_name":  "Bauer Adkins",
		"skills": ["HTML", "CSS", "JavaScript", "React", "Node.js"],
		"learns": ["Vue.js", "Testing"]
	}
]